ObjectID,SourceName,API10,NewData,Latitude,Longitude,CountyName,MinD_ft,MaxD_ft,MinD_TVDSS,MaxD_TVDSS,SubsurfaceUnit,TOC,TMAX_C,S1,S2,S3,PI,HI,OI,S1+S2,S2/S3,S1/TOC,RoMean,DOMGroup,Lab,Type
1937,UL_4200344948,42003449480,N,32.26,-102.41,ANDREWS,7575.0,7575.0,-4500.0,-4500.0,Clear Fork,2.51,435,2.15,11.66,1.84,0.16,465.0,73.0,13.81,6.3,85.66,,,Weatherford Laboratories,core
1938,UL_4200344948,42003449480,N,32.26,-102.41,ANDREWS,7689.0,7689.0,-4614.0,-4614.0,Clear Fork,5.76,438,4.7,29.36,0.96,0.14,510.0,17.0,34.06,30.6,81.6,,,Weatherford Laboratories,core
1939,UL_4200344948,42003449480,N,32.26,-102.41,ANDREWS,7783.0,7783.0,-4708.0,-4708.0,Clear Fork,4.38,440,3.79,12.49,1.53,0.23,285.0,35.0,16.28,8.2,86.53,,,Weatherford Laboratories,core
1940,UL_4200344948,42003449480,N,32.26,-102.41,ANDREWS,8185.0,8185.0,-5110.0,-5110.0,Tubb,2.76,436,2.39,6.8,1.19,0.26,246.0,43.0,9.19,5.7,86.59,,,Weatherford Laboratories,core
1941,UL_4200344948,42003449480,N,32.26,-102.41,ANDREWS,8563.0,8563.0,-5488.0,-5488.0,Spraberry,2.56,442,2.94,5.19,1.62,0.36,203.0,63.0,8.13,3.2,114.84,,,Weatherford Laboratories,core
1942,UL_4200344948,42003449480,N,32.26,-102.41,ANDREWS,8719.0,8719.0,-5644.0,-5644.0,Spraberry,0.76,438,0.32,0.66,0.71,0.33,87.0,94.0,0.98,0.9,42.11,,,Weatherford Laboratories,core
1943,UL_4200344948,42003449480,N,32.26,-102.41,ANDREWS,8836.0,8836.0,-5761.0,-5761.0,Spraberry,0.69,438,0.33,0.45,1.65,0.42,65.0,238.0,0.78,0.3,47.83,,,Weatherford Laboratories,core
1944,UL_4200344948,42003449480,N,32.26,-102.41,ANDREWS,9230.0,9230.0,-6155.0,-6155.0,Spraberry,2.98,440,4.9,7.12,1.21,0.41,239.0,41.0,12.02,5.9,164.43,,,Weatherford Laboratories,core
1945,UL_4200344948,42003449480,N,32.26,-102.41,ANDREWS,9324.0,9324.0,-6249.0,-6249.0,Spraberry,4.91,442,4.53,9.25,1.07,0.33,188.0,22.0,13.78,8.6,92.26,,,Weatherford Laboratories,core
1946,UL_4200344948,42003449480,Y,32.26,-102.41,ANDREWS,9479.0,9479.0,-6404.0,-6404.0,Wolfcamp A (L2),2.65,449,1.92,4.15,0.95,0.32,157.0,36.0,6.07,4.4,72.45,,,Weatherford Laboratories,core
1947,UL_4200344948,42003449480,Y,32.26,-102.41,ANDREWS,9710.0,9710.0,-6635.0,-6635.0,Wolfcamp B (W3),0.47,443,0.41,0.42,0.85,0.5,90.0,182.0,0.83,0.5,87.23,,,Weatherford Laboratories,core
1948,UL_4200344948,42003449480,Y,32.26,-102.41,ANDREWS,9746.0,9746.0,-6671.0,-6671.0,Wolfcamp B (W3),4.0,443,2.28,9.39,0.98,0.2,235.0,24.0,11.67,9.6,57.0,,,Weatherford Laboratories,core
1949,UL_4200344948,42003449480,Y,32.26,-102.41,ANDREWS,9813.0,9813.0,-6738.0,-6738.0,Wolfcamp B (W3),2.35,443,1.16,2.32,0.6,0.33,99.0,26.0,3.48,3.9,49.36,,,Weatherford Laboratories,core
1950,UL_4200344948,42003449480,Y,32.26,-102.41,ANDREWS,9887.0,9887.0,-6812.0,-6812.0,Wolfcamp B (W2),3.53,439,1.72,5.02,2.41,0.25,142.0,68.0,6.74,2.1,48.73,,,Weatherford Laboratories,core
1951,UL_4200344948,42003449480,Y,32.26,-102.41,ANDREWS,10335.0,10335.0,-7260.0,-7260.0,Wolfcamp D,0.16,442,0.03,0.01,0.73,0.75,6.0,459.0,0.04,0,18.75,,,Weatherford Laboratories,core
1952,UL_4200344948,42003449480,Y,32.26,-102.41,ANDREWS,10407.0,10407.0,-7332.0,-7332.0,Wolfcamp D,2.39,443,0.99,3.17,0.67,0.24,133.0,28.0,4.16,4.7,41.42,,,Weatherford Laboratories,core
1953,UL_4200344948,42003449480,Y,32.26,-102.41,ANDREWS,10514.0,10514.0,-7439.0,-7439.0,Wolfcamp D,4.38,448,3.85,10.52,1.19,0.27,240.0,27.0,14.37,8.8,87.9,,,Weatherford Laboratories,core
1954,UL_4200342292,42003422920,N,32.48,-102.37,ANDREWS,7950.0,7950.0,-4906.0,-4906.0,Clear Fork,3.75,,,,,,,,,,,,,Core Laboratories,core
1955,UL_4200342292,42003422920,N,32.48,-102.37,ANDREWS,8174.0,8174.0,-5130.0,-5130.0,Clear Fork,4.78,,,,,,,,,,,,,Core Laboratories,core
1956,UL_4200342292,42003422920,N,32.48,-102.37,ANDREWS,8250.0,8250.0,-5206.0,-5206.0,Clear Fork,6.77,,,,,,,,,,,,,Core Laboratories,core
1957,UL_4200342292,42003422920,N,32.48,-102.37,ANDREWS,8522.0,8522.0,-5478.0,-5478.0,Spraberry,6.65,,,,,,,,,,,,,Core Laboratories,core
1958,UL_4200342292,42003422920,N,32.48,-102.37,ANDREWS,8535.0,8535.0,-5491.0,-5491.0,Spraberry,3.06,,,,,,,,,,,,,Core Laboratories,core
1959,UL_4200342292,42003422920,N,32.48,-102.37,ANDREWS,9298.0,9298.0,-6254.0,-6254.0,Spraberry,0.94,,,,,,,,,,,,,Core Laboratories,core
1960,UL_4200342292,42003422920,N,32.48,-102.37,ANDREWS,9407.0,9407.0,-6363.0,-6363.0,Spraberry,1.23,,,,,,,,,,,,,Core Laboratories,core
1961,UL_4200342292,42003422920,N,32.48,-102.37,ANDREWS,9566.0,9566.0,-6522.0,-6522.0,Dean,4.1,,,,,,,,,,,,,Core Laboratories,core
1962,UL_4200342292,42003422920,N,32.48,-102.37,ANDREWS,9606.0,9606.0,-6562.0,-6562.0,Dean,4.17,,,,,,,,,,,,,Core Laboratories,core
1963,UL_4200342292,42003422920,N,32.48,-102.37,ANDREWS,9765.0,9765.0,-6721.0,-6721.0,Dean,4.63,,,,,,,,,,,,,Core Laboratories,core
1996,Comer_1991,42329313200,N,31.83,-102.15,MIDLAND,11536.0,11555.0,-8711.0,-8730.0,Woodford,3.9,,,,,,,,,,,1.14,unknown,Geochem Laboratories (TOC); Kerogen Prep Inc. (Ro),core
2022,Drake_etal_2018,42495336950,N,32.05,-103.03,WINKLER,11468.0,11515.0,-8371.0,-8418.0,Woodford,,448,4.31,16.52,0.07,0.21,306.0,5.0,20.83,236,,,,Unspecified,core
2024,Echegu_2013,42003016440,N,32.18,-102.6,ANDREWS,12380.0,12750.0,-9184.0,-9554.0,Simpson,1.58,442,0.54,1.69,0.08,0.38,104.0,5.0,0.62,21.13,34.18,,,University of Houston Center for Petroleum Geochemistry,cuttings
2025,Echegu_2013,42003017330,N,32.52,-102.35,ANDREWS,12335.0,12470.0,-9313.0,-9448.0,Woodford,3.1,440,1.02,6.13,0.09,0.21,198.0,3.0,1.11,68.11,32.9,,,University of Houston Center for Petroleum Geochemistry,cuttings
2026,Echegu_2013,42003324740,Y,32.12,-102.26,ANDREWS,10900.0,11092.0,-7924.0,-8116.0,Wolfcamp D,0.94,414,0.13,0.21,0.02,0.29,22.0,2.0,0.15,10.5,13.83,,,University of Houston Center for Petroleum Geochemistry,cuttings
2027,Echegu_2013,42003356110,Y,32.38,-102.52,ANDREWS,8000.0,8460.0,-4855.0,-5315.0,Wolfcamp A (L2),1.61,439,1.2,2,0.08,0.12,124.0,5.0,1.28,25,74.53,,,University of Houston Center for Petroleum Geochemistry,cuttings
2035,Echegu_2013,42227326220,Y,32.27,-101.38,HOWARD,7531.0,7587.0,-5056.0,-5112.0,Wolfcamp B (W3),3.63,438,1.95,5.81,0.2,0.39,160.0,5.0,2.15,29.05,53.72,,,University of Houston Center for Petroleum Geochemistry,cuttings
2036,Echegu_2013,42329007360,N,31.98,-102.14,MIDLAND,12260.0,12370.0,-9375.0,-9485.0,Devonian,1.6,456,0.53,1.12,0.14,0.37,70.0,9.0,0.67,8,33.13,,,University of Houston Center for Petroleum Geochemistry,cuttings
2037,Echegu_2013,42329007360,N,31.98,-102.14,MIDLAND,12580.0,12940.0,-9695.0,-10055.0,Simpson,1.98,435,1.04,1.84,0.11,0.09,85.0,6.0,1.15,16.73,52.53,,,University of Houston Center for Petroleum Geochemistry,cuttings
2038,Echegu_2013,42329101220,N,31.88,-102.14,MIDLAND,11600.0,12910.0,-8794.0,-10104.0,Woodford,2.52,448,1.07,1.68,0.1,0.33,67.0,4.0,1.17,16.8,42.46,,,University of Houston Center for Petroleum Geochemistry,cuttings
2172,Hentz_2015,42329016490,N,31.83,-101.78,MIDLAND,7558.0,7558.0,-4930.0,-4930.0,Spraberry,,,,,,,,,,,,0.44,unknown,University of Kentucky,core
2173,Hentz_2015,42329303110,N,31.66,-101.94,MIDLAND,8314.0,8314.0,-5533.0,-5533.0,Spraberry,,,,,,,,,,,,0.53,unknown,University of Kentucky,core
2232,Hu_etal_2020,42227376680,N,32.37,-101.56,HOWARD,7503.0,7503.0,-4860.0,-4860.0,Spraberry,3.98,439,6.06,14.81,0.69,0.29,373.0,17.0,20.87,21.46,1.52,,,Stratum Reservoir,core
2233,Hu_etal_2020,42227376680,N,32.37,-101.56,HOWARD,7505.0,7505.0,-4862.0,-4862.0,Spraberry,3.66,442,7.01,13.68,0.68,0.34,374.0,19.0,20.69,20.12,1.92,,,Stratum Reservoir,core
2234,Hu_etal_2020,42227376680,N,32.37,-101.56,HOWARD,7514.0,7514.0,-4871.0,-4871.0,Spraberry,3.34,449,4.74,11.08,0.75,0.3,332.0,23.0,15.82,14.77,1.42,,,Stratum Reservoir,core
2235,Hu_etal_2020,42227376680,N,32.37,-101.56,HOWARD,7517.0,7517.0,-4874.0,-4874.0,Spraberry,2.71,442,5.48,9.5,0.86,0.37,351.0,32.0,14.98,11.05,2.02,,,Stratum Reservoir,core
2236,Hu_etal_2020,42227376680,Y,32.37,-101.56,HOWARD,7665.0,7665.0,-5022.0,-5022.0,Wolfcamp A (L2),2.35,449,2.32,6.59,0.61,0.26,281.0,26.0,8.91,10.8,0.99,,,Stratum Reservoir,core
2237,Hu_etal_2020,42227376680,Y,32.37,-101.56,HOWARD,7744.0,7744.0,-5101.0,-5101.0,Wolfcamp A (L2),3.94,447,2.98,11.41,0.66,0.21,290.0,17.0,14.39,17.29,0.76,,,Stratum Reservoir,core
2238,Hu_etal_2020,42227376680,Y,32.37,-101.56,HOWARD,7787.0,7787.0,-5144.0,-5144.0,Wolfcamp A (L2),2.55,439,3.27,7.95,0.68,0.29,312.0,27.0,11.22,11.69,1.28,,,Stratum Reservoir,core
2239,Hu_etal_2020,42227376680,Y,32.37,-101.56,HOWARD,7791.0,7791.0,-5148.0,-5148.0,Wolfcamp A (L2),2.71,444,3.26,8.2,0.6,0.28,303.0,22.0,11.46,13.67,1.2,,,Stratum Reservoir,core
2240,Hu_etal_2020,42227376680,Y,32.37,-101.56,HOWARD,7808.0,7808.0,-5165.0,-5165.0,Wolfcamp A (L2),2.34,443,2.6,6.74,0.66,0.28,289.0,28.0,9.34,10.21,1.11,,,Stratum Reservoir,core
2241,Hu_etal_2020,42227376680,Y,32.37,-101.56,HOWARD,7816.0,7816.0,-5173.0,-5173.0,Wolfcamp A (L2),1.93,451,1.86,4.53,0.63,0.29,235.0,33.0,6.39,7.19,0.96,,,Stratum Reservoir,core
2242,Hu_etal_2020,42227376680,Y,32.37,-101.56,HOWARD,7820.0,7820.0,-5177.0,-5177.0,Wolfcamp A (L2),3.97,449,3.51,12.15,0.68,0.22,306.0,17.0,15.66,17.87,0.88,,,Stratum Reservoir,core
2243,Hu_etal_2020,42227376680,Y,32.37,-101.56,HOWARD,7856.0,7856.0,-5213.0,-5213.0,Wolfcamp A (L2),3.66,444,3.76,11.07,0.6,0.25,303.0,16.0,14.83,18.45,1.03,,,Stratum Reservoir,core
2244,Hu_etal_2020,42227377380,N,32.45,-101.62,HOWARD,7642.0,7642.0,-4937.0,-4937.0,Spraberry,2.24,441,1.73,7.5,0.62,0.19,335.0,28.0,9.23,12.1,0.77,,,Stratum Reservoir,core
2245,Hu_etal_2020,42227377380,N,32.45,-101.62,HOWARD,7767.0,7767.0,-5062.0,-5062.0,Spraberry,2.68,448,1.94,5.98,0.63,0.24,223.0,23.0,7.92,9.49,0.72,,,Stratum Reservoir,core
2246,Hu_etal_2020,42227377380,N,32.45,-101.62,HOWARD,7887.0,7887.0,-5182.0,-5182.0,Dean,1.89,445,1.36,4.15,0.53,0.25,220.0,28.0,5.51,7.83,0.72,,,Stratum Reservoir,core
2247,Hu_etal_2020,42227377380,Y,32.45,-101.62,HOWARD,8036.0,8036.0,-5331.0,-5331.0,Wolfcamp A (L2),3.08,448,1.86,9.07,0.75,0.17,295.0,24.0,10.93,12.09,0.6,,,Stratum Reservoir,core
2248,Hu_etal_2020,42227377380,Y,32.45,-101.62,HOWARD,8057.0,8057.0,-5352.0,-5352.0,Wolfcamp A (L2),2.4,443,1.25,4.64,0.64,0.21,193.0,27.0,5.89,7.25,0.52,,,Stratum Reservoir,core
2249,Hu_etal_2020,42227377380,Y,32.45,-101.62,HOWARD,8092.0,8092.0,-5387.0,-5387.0,Wolfcamp A (L2),3.48,447,3.13,11.93,0.59,0.21,343.0,17.0,15.06,20.22,0.9,,,Stratum Reservoir,core
2250,Hu_etal_2020,42227377380,Y,32.45,-101.62,HOWARD,8100.0,8100.0,-5395.0,-5395.0,Wolfcamp A (L2),2.14,445,1.59,4.61,0.61,0.26,216.0,29.0,6.2,7.56,0.74,,,Stratum Reservoir,core
2251,Hu_etal_2020,42227377380,Y,32.45,-101.62,HOWARD,8131.0,8131.0,-5426.0,-5426.0,Wolfcamp A (L2),2.49,445,1.89,7.42,0.73,0.2,298.0,29.0,9.31,10.16,0.76,,,Stratum Reservoir,core
2252,Hu_etal_2020,42227377380,Y,32.45,-101.62,HOWARD,8173.0,8173.0,-5468.0,-5468.0,Wolfcamp A (L1),2.88,445,2.49,5.97,0.71,0.29,207.0,25.0,8.46,8.41,0.86,,,Stratum Reservoir,core
2253,Hu_etal_2020,42227377380,Y,32.45,-101.62,HOWARD,8186.0,8186.0,-5481.0,-5481.0,Wolfcamp A (L1),2.59,450,2.12,5.44,0.73,0.28,210.0,28.0,7.56,7.45,0.82,,,Stratum Reservoir,core
2254,Hu_etal_2020,42227377380,Y,32.45,-101.62,HOWARD,8212.0,8212.0,-5507.0,-5507.0,Wolfcamp A (L1),2.65,444,2.57,5.34,0.74,0.32,201.0,28.0,7.91,7.22,0.97,,,Stratum Reservoir,core
2255,Hu_etal_2020,42227377380,Y,32.45,-101.62,HOWARD,8222.0,8222.0,-5517.0,-5517.0,Wolfcamp A (L1),1.52,446,1.21,2.31,0.64,0.34,152.0,42.0,3.52,3.61,0.8,,,Stratum Reservoir,core
2256,Hu_etal_2020,42227377380,Y,32.45,-101.62,HOWARD,8300.0,8300.0,-5595.0,-5595.0,Wolfcamp A (L1),1.83,441,2.75,3.44,0.72,0.44,188.0,39.0,6.19,4.78,1.5,,,Stratum Reservoir,core
2257,Hu_etal_2020,42227377380,Y,32.45,-101.62,HOWARD,8309.0,8309.0,-5604.0,-5604.0,Wolfcamp A (L1),1.53,442,1.48,1.89,0.69,0.44,124.0,45.0,3.37,2.74,0.97,,,Stratum Reservoir,core
2258,Hu_etal_2020,42227377380,Y,32.45,-101.62,HOWARD,8339.0,8339.0,-5634.0,-5634.0,Wolfcamp B (W3),2.92,446,2.46,7.31,0.68,0.25,250.0,23.0,9.77,10.75,0.84,,,Stratum Reservoir,core
2259,Hu_etal_2020,42227377380,Y,32.45,-101.62,HOWARD,8341.0,8341.0,-5636.0,-5636.0,Wolfcamp B (W3),4.63,448,3.17,11.73,0.73,0.21,253.0,16.0,14.9,16.07,0.68,,,Stratum Reservoir,core
2328,Mauck_2017,42003355520,N,32.13,-102.26,ANDREWS,11450.0,11450.0,-8451.0,-8451.0,Mississippian,1.47,457,0.35,1.11,0.26,0.24,76.0,18.0,1.46,4.27,0.24,,,Geomark Research LLC,core
2329,Mauck_2017,42003355520,N,32.13,-102.26,ANDREWS,11455.0,11455.0,-8456.0,-8456.0,Mississippian,3.1,465,0.39,1.89,0.14,0.17,61.0,5.0,2.28,13.5,0.13,,,Geomark Research LLC,core
2330,Mauck_2017,42003355520,N,32.13,-102.26,ANDREWS,11476.0,11476.0,-8477.0,-8477.0,Mississippian,1.11,461,0.17,0.51,0.13,0.25,46.0,12.0,0.68,3.92,0.15,,,Geomark Research LLC,core
2331,Mauck_2017,42003355520,N,32.13,-102.26,ANDREWS,11479.0,11479.0,-8480.0,-8480.0,Mississippian,1.3,463,0.23,0.66,0.13,0.26,51.0,10.0,0.89,5.08,0.18,,,Geomark Research LLC,core
2332,Mauck_2017,42003355520,N,32.13,-102.26,ANDREWS,11485.0,11485.0,-8486.0,-8486.0,Mississippian,1.21,461,0.17,0.54,0.14,0.24,45.0,12.0,0.71,3.86,0.14,,,Geomark Research LLC,core
2333,Mauck_2017,42003355520,N,32.13,-102.26,ANDREWS,11490.0,11490.0,-8491.0,-8491.0,Mississippian,1.51,464,0.24,0.72,0.16,0.25,48.0,11.0,0.96,4.5,0.16,,,Geomark Research LLC,core
2334,Mauck_2017,42003355520,N,32.13,-102.26,ANDREWS,11491.0,11491.0,-8492.0,-8492.0,Mississippian,1.21,460,0.2,0.67,0.39,0.23,55.0,32.0,0.87,1.72,0.17,,,Geomark Research LLC,core
2335,Mauck_2017,42003355520,N,32.13,-102.26,ANDREWS,11497.0,11497.0,-8498.0,-8498.0,Mississippian,1.37,460,0.27,0.82,0.28,0.25,60.0,20.0,1.09,2.93,0.2,,,Geomark Research LLC,core
2336,Mauck_2017,42003355520,N,32.13,-102.26,ANDREWS,11501.0,11501.0,-8502.0,-8502.0,Mississippian,1.46,455,0.24,0.81,0.29,0.23,55.0,20.0,1.05,2.79,0.16,,,Geomark Research LLC,core
2337,Mauck_2017,42003355520,N,32.13,-102.26,ANDREWS,11507.0,11507.0,-8508.0,-8508.0,Mississippian,1.28,461,0.23,0.66,0.24,0.26,52.0,19.0,0.89,2.75,0.18,,,Geomark Research LLC,core
2338,Mauck_2017,42003355520,N,32.13,-102.26,ANDREWS,11528.0,11528.0,-8529.0,-8529.0,Mississippian,2.73,463,1.15,2.05,0.16,0.36,75.0,6.0,3.2,12.81,0.42,,,Geomark Research LLC,core
2339,Mauck_2017,42003355520,N,32.13,-102.26,ANDREWS,11537.0,11537.0,-8538.0,-8538.0,Mississippian,1.75,464,0.36,0.95,0.16,0.27,54.0,9.0,1.31,5.94,0.21,,,Geomark Research LLC,core
2340,Mauck_2017,42003355520,N,32.13,-102.26,ANDREWS,11543.0,11543.0,-8544.0,-8544.0,Mississippian,1.35,461,0.28,0.72,0.2,0.28,53.0,15.0,1.0,3.6,0.21,,,Geomark Research LLC,core
2341,Mauck_2017,42003355520,N,32.13,-102.26,ANDREWS,11546.0,11546.0,-8547.0,-8547.0,Mississippian,1.34,461,0.3,0.78,0.19,0.28,58.0,14.0,1.08,4.11,0.22,,,Geomark Research LLC,core
2342,Mauck_2017,42329314680,N,32.05,-102.22,MIDLAND,11510.0,11510.0,-8636.0,-8636.0,Barnett,1.3,452,0.19,0.84,0.23,0.18,65.0,18.0,1.03,3.65,0.15,,,Geomark Research LLC,core
2343,Mauck_2017,42329314680,N,32.05,-102.22,MIDLAND,11511.0,11511.0,-8637.0,-8637.0,Barnett,1.34,458,0.18,0.62,0.16,0.23,46.0,12.0,0.8,3.88,0.13,,,Geomark Research LLC,core
2344,Mauck_2017,42329314680,N,32.05,-102.22,MIDLAND,11512.0,11512.0,-8638.0,-8638.0,Barnett,1.33,457,0.22,0.65,0.25,0.25,49.0,19.0,0.87,2.6,0.17,,,Geomark Research LLC,core
2345,Mauck_2017,42329314680,N,32.05,-102.22,MIDLAND,11514.0,11514.0,-8640.0,-8640.0,Barnett,1.34,459,0.22,0.69,0.18,0.24,51.0,13.0,0.91,3.83,0.16,,,Geomark Research LLC,core
2346,Mauck_2017,42329314680,N,32.05,-102.22,MIDLAND,11516.0,11516.0,-8642.0,-8642.0,Barnett,1.03,460,0.13,0.41,0.19,0.24,40.0,18.0,0.54,2.16,0.13,,,Geomark Research LLC,core
2347,Mauck_2017,42329314680,N,32.05,-102.22,MIDLAND,11518.0,11518.0,-8644.0,-8644.0,Barnett,1.01,460,0.14,0.38,0.21,0.27,38.0,21.0,0.52,1.81,0.14,,,Geomark Research LLC,core
2348,Mauck_2017,42329314680,N,32.05,-102.22,MIDLAND,11519.0,11519.0,-8645.0,-8645.0,Barnett,1.2,462,0.16,0.5,0.24,0.24,42.0,20.0,0.66,2.08,0.13,,,Geomark Research LLC,core
2349,Mauck_2017,42329314680,N,32.05,-102.22,MIDLAND,11521.0,11521.0,-8647.0,-8647.0,Barnett,1.23,464,0.18,0.57,0.2,0.24,46.0,16.0,0.75,2.85,0.15,,,Geomark Research LLC,core
2350,Mauck_2017,42329314680,N,32.05,-102.22,MIDLAND,11522.0,11522.0,-8648.0,-8648.0,Barnett,1.26,462,0.21,0.64,0.16,0.25,51.0,13.0,0.85,4,0.17,,,Geomark Research LLC,core
2351,Mauck_2017,42329314680,N,32.05,-102.22,MIDLAND,11524.0,11524.0,-8650.0,-8650.0,Barnett,1.21,461,0.2,0.55,0.17,0.27,45.0,14.0,0.75,3.24,0.17,,,Geomark Research LLC,core
2352,Mauck_2017,42329314680,N,32.05,-102.22,MIDLAND,11525.0,11525.0,-8651.0,-8651.0,Barnett,1.54,460,0.38,0.97,0.17,0.28,63.0,11.0,1.35,5.71,0.25,,,Geomark Research LLC,core
2353,Mauck_2017,42329314680,N,32.05,-102.22,MIDLAND,11528.0,11528.0,-8654.0,-8654.0,Barnett,0.64,365,0.55,0.64,0.1,0.46,100.0,16.0,1.19,6.4,0.86,,,Geomark Research LLC,core
2354,Mauck_2017,42329314680,N,32.05,-102.22,MIDLAND,11535.0,11535.0,-8661.0,-8661.0,Barnett,0.62,341,0.55,0.65,0.11,0.46,105.0,18.0,1.2,5.91,0.89,,,Geomark Research LLC,core
2355,Mauck_2017,42329314680,N,32.05,-102.22,MIDLAND,11539.0,11539.0,-8665.0,-8665.0,Barnett,1.02,463,1.25,1.14,0.13,0.52,112.0,13.0,2.39,8.77,1.23,,,Geomark Research LLC,core
2356,Mauck_2017,42329314680,N,32.05,-102.22,MIDLAND,11542.0,11542.0,-8668.0,-8668.0,Barnett,1.76,461,1.41,1.63,0.13,0.46,93.0,7.0,3.04,12.54,0.8,,,Geomark Research LLC,core
2357,Mauck_2017,42329314680,N,32.05,-102.22,MIDLAND,11544.0,11544.0,-8670.0,-8670.0,Barnett,1.14,457,0.46,0.75,0.14,0.38,66.0,12.0,1.21,5.36,0.4,,,Geomark Research LLC,core
2358,Mauck_2017,42329314680,N,32.05,-102.22,MIDLAND,11548.0,11548.0,-8674.0,-8674.0,Barnett,1.74,462,0.39,1.08,0.13,0.27,62.0,7.0,1.47,8.31,0.22,,,Geomark Research LLC,core
2359,Mauck_2017,42329314680,N,32.05,-102.22,MIDLAND,11549.0,11549.0,-8675.0,-8675.0,Barnett,1.52,448,0.32,0.89,0.14,0.26,59.0,9.0,1.21,6.36,0.21,,,Geomark Research LLC,core
2360,Mauck_2017,42329314680,N,32.05,-102.22,MIDLAND,11551.0,11551.0,-8677.0,-8677.0,Barnett,1.66,459,0.33,0.82,0.12,0.29,49.0,7.0,1.15,6.83,0.2,,,Geomark Research LLC,core
2361,Mauck_2017,42329314680,N,32.05,-102.22,MIDLAND,11552.0,11552.0,-8678.0,-8678.0,Barnett,1.81,462,0.35,0.98,0.16,0.26,54.0,9.0,1.33,6.13,0.19,,,Geomark Research LLC,core
2362,Mauck_2017,42329314680,N,32.05,-102.22,MIDLAND,11553.0,11553.0,-8679.0,-8679.0,Barnett,1.75,461,0.3,0.87,0.17,0.26,50.0,10.0,1.17,5.12,0.17,,,Geomark Research LLC,core
2363,Mauck_2017,42329314680,N,32.05,-102.22,MIDLAND,11556.0,11556.0,-8682.0,-8682.0,Barnett,1.05,463,0.21,0.49,0.18,0.3,47.0,17.0,0.7,2.72,0.2,,,Geomark Research LLC,core
2364,Parker_etal_2014,42495332880,N,31.89,-102.97,WINKLER,8250.0,8250.0,-5201.0,-5201.0,Woodford,14.07,432,6.45,74.34,0.69,0.08,528.0,5.0,80.79,107.7,45.84,,,Unspecified,core
2365,Parker_etal_2014,42495332880,N,31.89,-102.97,WINKLER,8264.0,8264.0,-5210.0,-5210.0,Woodford,13.46,439,6.41,89.47,3.12,0.07,665.0,23.0,95.88,28.7,47.62,,,Unspecified,core
2366,Parker_etal_2014,42495332880,N,31.89,-102.97,WINKLER,8277.0,8277.0,-5218.0,-5218.0,Woodford,13.42,433,6.56,94.08,3.68,0.07,701.0,27.0,100.64,25.6,48.88,,,Unspecified,core
2367,Parker_etal_2014,42495332880,N,31.89,-102.97,WINKLER,8291.0,8291.0,-5226.0,-5226.0,Woodford,13.08,438,6.09,82.82,5.47,0.07,633.0,42.0,88.91,15.1,46.56,,,Unspecified,core
2368,Parker_etal_2014,42495332880,N,31.89,-102.97,WINKLER,8305.0,8305.0,-5234.0,-5234.0,Woodford,12.4,439,5.83,81.31,3.39,0.07,656.0,27.0,87.14,24,47.02,,,Unspecified,core
2369,Parker_etal_2014,42495332880,N,31.89,-102.97,WINKLER,8318.0,8318.0,-5241.0,-5241.0,Woodford,12.12,441,5.15,84.12,2.03,0.06,694.0,17.0,89.27,41.4,42.49,,,Unspecified,core
2370,Parker_etal_2014,42495332880,N,31.89,-102.97,WINKLER,8332.0,8332.0,-5249.0,-5249.0,Woodford,11.25,434,5.56,65.2,5.87,0.08,580.0,52.0,70.76,11.1,49.42,,,Unspecified,core
2371,Parker_etal_2014,42495332880,N,31.89,-102.97,WINKLER,8345.0,8345.0,-5255.0,-5255.0,Woodford,10.74,437,5.48,67.28,1.27,0.08,627.0,12.0,72.76,53,51.02,,,Unspecified,core
2372,Parker_etal_2014,42495332880,N,31.89,-102.97,WINKLER,8359.0,8359.0,-5261.0,-5261.0,Woodford,10.55,434,5.66,64.86,1.14,0.08,615.0,11.0,70.52,56.9,53.65,,,Unspecified,core
2373,Parker_etal_2014,42495332880,N,31.89,-102.97,WINKLER,8373.0,8373.0,-5268.0,-5268.0,Woodford,10.39,436,5.06,55.63,2.86,0.08,535.0,27.0,60.69,19.5,48.7,,,Unspecified,core
2374,Parker_etal_2014,42495332880,N,31.89,-102.97,WINKLER,8386.0,8386.0,-5273.0,-5273.0,Woodford,10.09,437,4.7,60.97,7.28,0.07,604.0,72.0,65.67,8.4,46.58,,,Unspecified,core
2375,Parker_etal_2014,42495332880,N,31.89,-102.97,WINKLER,8400.0,8400.0,-5278.0,-5278.0,Woodford,9.87,438,4.81,61.01,2.68,0.07,618.0,27.0,65.82,22.8,48.73,,,Unspecified,core
2376,Parker_etal_2014,42495332880,N,31.89,-102.97,WINKLER,8414.0,8414.0,-5283.0,-5283.0,Woodford,9.76,436,5.11,60.54,0.7,0.08,621.0,7.0,65.65,86.5,52.36,,,Unspecified,core
2377,Parker_etal_2014,42495332880,N,31.89,-102.97,WINKLER,8427.0,8427.0,-5288.0,-5288.0,Woodford,9.69,436,4.43,58.69,0.79,0.07,606.0,8.0,63.12,74.3,45.72,,,Unspecified,core
2378,Parker_etal_2014,42495332880,N,31.89,-102.97,WINKLER,8441.0,8441.0,-5293.0,-5293.0,Woodford,9.61,433,5.05,61.24,0.79,0.08,637.0,8.0,66.29,77.5,52.55,,,Unspecified,core
2379,Parker_etal_2014,42495332880,N,31.89,-102.97,WINKLER,8455.0,8455.0,-5297.0,-5297.0,Woodford,9.49,437,3.79,67.4,0.88,0.05,710.0,9.0,71.19,76.6,39.94,,,Unspecified,core
2380,Parker_etal_2014,42495332880,N,31.89,-102.97,WINKLER,8468.0,8468.0,-5301.0,-5301.0,Woodford,9.43,434,4.52,58.64,1.04,0.07,622.0,11.0,63.16,56.4,47.93,,,Unspecified,core
2381,Parker_etal_2014,42495332880,N,31.89,-102.97,WINKLER,8482.0,8482.0,-5305.0,-5305.0,Woodford,9.42,439,4.32,57.58,3.55,0.07,611.0,38.0,61.9,16.2,45.86,,,Unspecified,core
2382,Parker_etal_2014,42495332880,N,31.89,-102.97,WINKLER,8495.0,8495.0,-5308.0,-5308.0,Woodford,9.36,43,4.73,58.07,2.73,0.08,620.0,29.0,62.8,21.3,50.53,,,Unspecified,core
2383,Parker_etal_2014,42495332880,N,31.89,-102.97,WINKLER,8509.0,8509.0,-5312.0,-5312.0,Woodford,9.26,433,4.13,53.73,2.88,0.07,580.0,31.0,57.86,18.7,44.6,,,Unspecified,core
2384,Parker_etal_2014,42495332880,N,31.89,-102.97,WINKLER,8523.0,8523.0,-5314.0,-5314.0,Woodford,9.16,441,5.06,55.14,0.75,0.08,602.0,8.0,60.2,73.5,55.24,,,Unspecified,core
2385,Parker_etal_2014,42495332880,N,31.89,-102.97,WINKLER,8536.0,8536.0,-5317.0,-5317.0,Woodford,9.15,433,4.72,52.14,4.17,0.08,570.0,46.0,56.86,12.5,51.58,,,Unspecified,core
2386,Parker_etal_2014,42495332880,N,31.89,-102.97,WINKLER,8550.0,8550.0,-5319.0,-5319.0,Woodford,9.05,438,5.27,59.5,0.72,0.08,658.0,8.0,64.77,82.6,58.23,,,Unspecified,core
2635,"LIMS, OFR2005-1171",42003102840,N,32.44,-102.34,ANDREWS,7000.0,7080.0,-4001.0,-4081.0,Clear Fork,,,,,,,,,,,,0.41,unknown,USGS,cuttings
2636,"LIMS, OFR2005-1171",42003102840,N,32.44,-102.34,ANDREWS,8000.0,8060.0,-5001.0,-5061.0,Clear Fork,,,,,,,,,,,,0.34,unknown,USGS,cuttings
2637,"LIMS, OFR2005-1171",42003102840,N,32.44,-102.34,ANDREWS,9000.0,9080.0,-6001.0,-6081.0,Spraberry,,,,,,,,,,,,0.48,unknown,USGS,cuttings
2638,"LIMS, OFR2005-1171",42003102840,Y,32.44,-102.34,ANDREWS,10000.0,10080.0,-7001.0,-7081.0,Wolfcamp A (L1),,,,,,,,,,,,0.48,unknown,USGS,cuttings
2639,"LIMS, OFR2005-1171",42003102840,Y,32.44,-102.34,ANDREWS,10600.0,10680.0,-7601.0,-7681.0,Wolfcamp C (W1),,,,,,,,,,,,0.57,unknown,USGS,cuttings
2640,"LIMS, OFR2005-1171",42003105380,N,32.44,-102.62,ANDREWS,8000.0,8080.0,-4791.0,-4871.0,Clear Fork,,,,,,,,,,,,0.59,unknown,USGS,cuttings
2641,"LIMS, OFR2005-1171",42003105380,Y,32.44,-102.62,ANDREWS,8500.0,8560.0,-5291.0,-5351.0,Wolfcamp A (L1),,,,,,,,,,,,0.5,unknown,USGS,cuttings
2642,"LIMS, OFR2005-1171",42003105380,Y,32.44,-102.62,ANDREWS,9900.0,9980.0,-6691.0,-6771.0,Wolfcamp D,,,,,,,,,,,,0.36,unknown,USGS,cuttings
2643,"LIMS, OFR2005-1171",42003105380,N,32.44,-102.62,ANDREWS,10400.0,10450.0,-7191.0,-7241.0,Atoka,,,,,,,,,,,,0.82,unknown,USGS,cuttings
2644,"LIMS, OFR2005-1171",42003307430,N,32.48,-102.24,ANDREWS,8400.0,8700.0,-5412.0,-5712.0,Spraberry,,,,,,,,,,,,1.12,unknown,Unspecified,cuttings
2645,"LIMS, OFR2005-1171",42003307430,N,32.48,-102.24,ANDREWS,9300.0,9600.0,-6312.0,-6612.0,Spraberry,,,,,,,,,,,,1.09,unknown,Unspecified,cuttings
2646,"LIMS, OFR2005-1171",42003307430,Y,32.48,-102.24,ANDREWS,9900.0,10200.0,-6912.0,-7212.0,Wolfcamp A (L1),,,,,,,,,,,,1.31,unknown,Unspecified,cuttings
2647,"LIMS, OFR2005-1171",42003307430,Y,32.48,-102.24,ANDREWS,10300.0,10600.0,-7312.0,-7612.0,Wolfcamp B (W2),,,,,,,,,,,,1.47,unknown,Unspecified,cuttings
2648,"LIMS, OFR2005-1171",42003307430,Y,32.48,-102.24,ANDREWS,10900.0,11200.0,-7912.0,-8212.0,Wolfcamp D,,,,,,,,,,,,1.39,unknown,Unspecified,cuttings
2649,"LIMS, OFR2005-1171",42003307430,N,32.48,-102.24,ANDREWS,11500.0,11800.0,-8512.0,-8812.0,Atoka,,,,,,,,,,,,1.31,unknown,Unspecified,cuttings
2650,"LIMS, OFR2005-1171",42003307430,N,32.48,-102.24,ANDREWS,11800.0,12100.0,-8812.0,-9112.0,Mississippian,,,,,,,,,,,,1.23,unknown,Unspecified,cuttings
2651,"LIMS, OFR2005-1171",42003307430,N,32.48,-102.24,ANDREWS,12100.0,12400.0,-9112.0,-9412.0,Mississippian,,,,,,,,,,,,1.17,unknown,Unspecified,cuttings
2895,"LIMS, OFR2005-1171",42135034360,N,32.07,-102.62,ECTOR,4900.0,5000.0,-1790.0,-1890.0,San Andres,,,,,,,,,,,,0.42,unknown,USGS,cuttings
2896,"LIMS, OFR2005-1171",42135034360,N,32.07,-102.62,ECTOR,4950.0,4950.0,-1840.0,-1840.0,San Andres,,,,,,,,,,,,0.42,unknown,USGS,cuttings
2897,"LIMS, OFR2005-1171",42135034360,N,32.07,-102.62,ECTOR,6000.0,6060.0,-2890.0,-2950.0,Glorieta,,,,,,,,,,,,0.48,unknown,USGS,cuttings
2898,"LIMS, OFR2005-1171",42135034360,N,32.07,-102.62,ECTOR,6030.0,6030.0,-2920.0,-2920.0,Glorieta,,,,,,,,,,,,0.48,unknown,USGS,cuttings
2899,"LIMS, OFR2005-1171",42135034360,N,32.07,-102.62,ECTOR,10155.0,10195.0,-7045.0,-7085.0,Barnett,,,,,,,,,,,,0.76,unknown,USGS,cuttings
2900,"LIMS, OFR2005-1171",42135034360,N,32.07,-102.62,ECTOR,10175.0,10175.0,-7065.0,-7065.0,Barnett,,,,,,,,,,,,0.76,unknown,USGS,cuttings
2901,"LIMS, OFR2005-1171",42135034360,N,32.07,-102.62,ECTOR,10770.0,10829.0,-7660.0,-7719.0,Mississippian,,,,,,,,,,,,1.25,unknown,USGS,cuttings
2902,"LIMS, OFR2005-1171",42135034360,N,32.07,-102.62,ECTOR,10800.0,10800.0,-7690.0,-7690.0,Mississippian,,,,,,,,,,,,1.25,unknown,USGS,cuttings
2903,"LIMS, OFR2005-1171",42135110370,N,32.08,-102.46,ECTOR,4030.0,4030.0,-962.0,-962.0,Seven Rivers,,,,,,,,,,,,0.56,unknown,Unspecified,cuttings
2904,"LIMS, OFR2005-1171",42135110370,N,32.08,-102.46,ECTOR,5030.0,5030.0,-1962.0,-1962.0,San Andres,,,,,,,,,,,,0.46,unknown,Unspecified,cuttings
2905,"LIMS, OFR2005-1171",42135110370,N,32.08,-102.46,ECTOR,6030.0,6030.0,-2962.0,-2962.0,Glorieta,,,,,,,,,,,,1.05,unknown,Unspecified,cuttings
2906,"LIMS, OFR2005-1171",42135110370,N,32.08,-102.46,ECTOR,7030.0,7030.0,-3962.0,-3962.0,Clear Fork,,,,,,,,,,,,0.71,unknown,Unspecified,cuttings
2907,"LIMS, OFR2005-1171",42135110370,Y,32.08,-102.46,ECTOR,8030.0,8030.0,-4962.0,-4962.0,Wolfcamp A (L1),,,,,,,,,,,,0.88,unknown,Unspecified,cuttings
2908,"LIMS, OFR2005-1171",42135110370,Y,32.08,-102.46,ECTOR,8430.0,8430.0,-5362.0,-5362.0,Wolfcamp B (W2),,,,,,,,,,,,0.89,unknown,Unspecified,cuttings
2909,"LIMS, OFR2005-1171",42135110370,N,32.08,-102.46,ECTOR,10030.0,10030.0,-6962.0,-6962.0,Atoka,,,,,,,,,,,,1.12,unknown,Unspecified,cuttings
2910,LIMS,42135204160,Y,31.94,-102.56,ECTOR,7030.0,7030.0,-3941.0,-3941.0,Wolfcamp A (L1),,,,,,,,,,,,0.5,unknown,USGS,Unspecified
2911,LIMS,42135204160,Y,31.94,-102.56,ECTOR,7960.0,7960.0,-4871.0,-4871.0,Wolfcamp C (W1),,,,,,,,,,,,0.51,unknown,USGS,Unspecified
2912,LIMS,42135204160,N,31.94,-102.56,ECTOR,9035.0,9035.0,-5946.0,-5946.0,Woodford,,,,,,,,,,,,0.66,unknown,USGS,Unspecified
2913,LIMS,42135204160,N,31.94,-102.56,ECTOR,10040.0,10040.0,-6951.0,-6951.0,Silurian,,,,,,,,,,,,0.67,unknown,USGS,Unspecified
2914,LIMS,42135204160,N,31.94,-102.56,ECTOR,13375.0,13375.0,-10286.0,-10286.0,,,,,,,,,,,,,0.65,unknown,USGS,Unspecified
3002,"LIMS, OFR2005-1171",42227105170,N,32.48,-101.32,HOWARD,4030.0,4030.0,-1516.0,-1516.0,San Andres,,,,,,,,,,,,0.26,unknown,USGS,cuttings
3003,"LIMS, OFR2005-1171",42227105170,N,32.48,-101.32,HOWARD,5030.0,5030.0,-2516.0,-2516.0,San Andres,,,,,,,,,,,,0.49,unknown,USGS,cuttings
3004,"LIMS, OFR2005-1171",42227105170,N,32.48,-101.32,HOWARD,6030.0,6030.0,-3516.0,-3516.0,Spraberry,,,,,,,,,,,,0.5,unknown,USGS,cuttings
3005,"LIMS, OFR2005-1171",42227105170,Y,32.48,-101.32,HOWARD,6970.0,6970.0,-4456.0,-4456.0,Wolfcamp B (W3),,,,,,,,,,,,0.64,unknown,USGS,cuttings
3006,"LIMS, OFR2005-1171",42227105170,Y,32.48,-101.32,HOWARD,7870.0,7870.0,-5356.0,-5356.0,Wolfcamp D,,,,,,,,,,,,1.05,unknown,USGS,cuttings
3007,"LIMS, OFR2005-1171",42227107840,N,32.39,-101.64,HOWARD,6040.0,6040.0,-3444.0,-3444.0,San Andres,,,,,,,,,,,,0.39,unknown,USGS,cuttings
3008,"LIMS, OFR2005-1171",42227107840,Y,32.39,-101.64,HOWARD,8030.0,8030.0,-5434.0,-5434.0,Wolfcamp A (L2),,,,,,,,,,,,0.45,unknown,USGS,cuttings
3009,"LIMS, OFR2005-1171",42227107840,Y,32.39,-101.64,HOWARD,9030.0,9030.0,-6434.0,-6434.0,Wolfcamp D,,,,,,,,,,,,0.51,unknown,USGS,cuttings
3010,"LIMS, OFR2005-1171",42227107840,N,32.39,-101.64,HOWARD,10030.0,10030.0,-7434.0,-7434.0,Atoka,,,,,,,,,,,,0.97,unknown,USGS,cuttings
3011,"LIMS, OFR2005-1171",42227107840,N,32.39,-101.64,HOWARD,10455.0,10455.0,-7859.0,-7859.0,Fusselman,,,,,,,,,,,,1.09,unknown,USGS,cuttings
3012,"LIMS, OFR2005-1171",42227107840,N,32.39,-101.64,HOWARD,16010.0,16010.0,-13414.0,-13414.0,,,,,,,,,,,,,2.2,unknown,USGS,cuttings
3162,"LIMS, OFR2005-1171",42329016490,N,31.83,-101.78,MIDLAND,7209.0,7209.0,-4581.0,-4581.0,Spraberry,,,,,,,,,,,,0.41,unknown,Unspecified,cuttings
3163,"LIMS, OFR2005-1171",42329016490,N,31.83,-101.78,MIDLAND,7213.0,7213.0,-4585.0,-4585.0,Spraberry,,,,,,,,,,,,0.4,unknown,Unspecified,cuttings
3164,"LIMS, OFR2005-1171",42329016490,N,31.83,-101.78,MIDLAND,7435.0,7435.0,-4807.0,-4807.0,Spraberry,,,,,,,,,,,,0.43,unknown,Unspecified,cuttings
3165,"LIMS, OFR2005-1171",42329016490,N,31.83,-101.78,MIDLAND,7465.0,7465.0,-4837.0,-4837.0,Spraberry,,,,,,,,,,,,0.44,unknown,Unspecified,cuttings
3166,"LIMS, OFR2005-1171",42329016490,N,31.83,-101.78,MIDLAND,7487.0,7487.0,-4859.0,-4859.0,Spraberry,,,,,,,,,,,,0.43,unknown,Unspecified,cuttings
3167,"LIMS, OFR2005-1171",42329016490,N,31.83,-101.78,MIDLAND,7522.0,7522.0,-4894.0,-4894.0,Spraberry,,,,,,,,,,,,0.46,unknown,Unspecified,cuttings
3168,"LIMS, OFR2005-1171",42329016490,N,31.83,-101.78,MIDLAND,7593.0,7593.0,-4965.0,-4965.0,Spraberry,,,,,,,,,,,,0.46,unknown,Unspecified,cuttings
3169,"LIMS, OFR2005-1171",42329016490,N,31.83,-101.78,MIDLAND,7758.0,7758.0,-5130.0,-5130.0,Spraberry,,,,,,,,,,,,0.46,unknown,Unspecified,cuttings
3170,"LIMS, OFR2005-1171",42329016490,N,31.83,-101.78,MIDLAND,7787.0,7787.0,-5159.0,-5159.0,Spraberry,,,,,,,,,,,,0.46,unknown,Unspecified,cuttings
3171,"LIMS, OFR2005-1171",42329016490,N,31.83,-101.78,MIDLAND,7863.0,7863.0,-5235.0,-5235.0,Spraberry,,,,,,,,,,,,0.48,unknown,Unspecified,cuttings
3172,"LIMS, OFR2005-1171",42329100760,N,32.02,-102.22,MIDLAND,6040.0,6040.0,-3137.0,-3137.0,San Andres,,,,,,,,,,,,0.47,unknown,USGS,cuttings
3173,"LIMS, OFR2005-1171",42329100760,N,32.02,-102.22,MIDLAND,6530.0,6530.0,-3627.0,-3627.0,San Andres,,,,,,,,,,,,0.49,unknown,USGS,cuttings
3174,"LIMS, OFR2005-1171",42329100760,N,32.02,-102.22,MIDLAND,7040.0,7040.0,-4137.0,-4137.0,San Andres,,,,,,,,,,,,0.49,unknown,USGS,cuttings
3175,"LIMS, OFR2005-1171",42329100760,N,32.02,-102.22,MIDLAND,7530.0,7530.0,-4627.0,-4627.0,Clear Fork,,,,,,,,,,,,0.37,unknown,USGS,cuttings
3176,LIMS,42329103540,N,31.89,-101.88,MIDLAND,7000.0,7010.0,-4381.0,-4391.0,Clear Fork,,,,,,,,,,,,0.47,unknown,USGS,Unspecified
3177,LIMS,42329103540,N,31.89,-101.88,MIDLAND,8100.0,8110.0,-5481.0,-5491.0,Spraberry,,,,,,,,,,,,0.87,unknown,USGS,Unspecified
3178,LIMS,42329103540,Y,31.89,-101.88,MIDLAND,9500.0,9510.0,-6881.0,-6891.0,Wolfcamp B (W2),,,,,,,,,,,,1.22,unknown,USGS,Unspecified
3179,LIMS,42329103540,Y,31.89,-101.88,MIDLAND,9800.0,9810.0,-7181.0,-7191.0,Wolfcamp C (W1),,,,,,,,,,,,1.11,unknown,USGS,Unspecified
3180,LIMS,42329103540,Y,31.89,-101.88,MIDLAND,10200.0,10210.0,-7581.0,-7591.0,Wolfcamp D,,,,,,,,,,,,0.89,unknown,USGS,Unspecified
3181,LIMS,42329103540,N,31.89,-101.88,MIDLAND,10500.0,10510.0,-7881.0,-7891.0,Atoka,,,,,,,,,,,,1.45,unknown,USGS,Unspecified
3182,LIMS,42329103540,N,31.89,-101.88,MIDLAND,10900.0,10910.0,-8281.0,-8291.0,Barnett,,,,,,,,,,,,1.31,unknown,USGS,Unspecified
3183,LIMS,42329103540,N,31.89,-101.88,MIDLAND,11100.0,11110.0,-8481.0,-8491.0,Mississippian,,,,,,,,,,,,1.41,unknown,USGS,Unspecified
3184,"LIMS, OFR2005-1171",42329103680,N,31.82,-102.11,MIDLAND,7000.0,7080.0,-4130.0,-4210.0,Clear Fork,,,,,,,,,,,,0.43,unknown,USGS,cuttings
3185,"LIMS, OFR2005-1171",42329103680,N,31.82,-102.11,MIDLAND,8000.0,8080.0,-5130.0,-5210.0,Spraberry,,,,,,,,,,,,0.46,unknown,USGS,cuttings
3186,LIMS,42329103680,N,31.82,-102.11,MIDLAND,8100.0,8110.0,-5230.0,-5240.0,Spraberry,,,,,,,,,,,,0.74,unknown,USGS,cuttings
3187,LIMS,42329103680,N,31.82,-102.11,MIDLAND,8900.0,8910.0,-6030.0,-6040.0,Spraberry,,,,,,,,,,,,0.78,unknown,USGS,cuttings
3188,"LIMS, OFR2005-1171",42329103680,N,31.82,-102.11,MIDLAND,9000.0,9080.0,-6130.0,-6210.0,Spraberry,,,,,,,,,,,,1.11,unknown,USGS,cuttings
3189,"LIMS, OFR2005-1171",42329103680,Y,31.82,-102.11,MIDLAND,10000.0,10080.0,-7130.0,-7210.0,Wolfcamp C (W1),,,,,,,,,,,,0.98,unknown,USGS,cuttings
3190,LIMS,42329103680,Y,31.82,-102.11,MIDLAND,10200.0,10210.0,-7330.0,-7340.0,Wolfcamp D,,,,,,,,,,,,1.1,unknown,USGS,cuttings
3191,LIMS,42329103680,N,31.82,-102.11,MIDLAND,10800.0,10810.0,-7930.0,-7940.0,Atoka,,,,,,,,,,,,1.31,unknown,USGS,cuttings
3192,"LIMS, OFR2005-1171",42329103680,N,31.82,-102.11,MIDLAND,11100.0,11060.0,-8230.0,-8290.0,Atoka,,,,,,,,,,,,3.65,unknown,USGS,cuttings
3193,LIMS,42329103680,N,31.82,-102.11,MIDLAND,11500.0,11510.0,-8630.0,-8640.0,Barnett,,,,,,,,,,,,1.24,unknown,USGS,cuttings
3194,LIMS,42329103680,N,31.82,-102.11,MIDLAND,11700.0,11710.0,-8830.0,-8840.0,Woodford,,,,,,,,,,,,1.31,unknown,USGS,cuttings
3558,"LIMS, OFR2005-1171",42495102480,N,31.83,-103.18,WINKLER,5620.0,5620.0,-2762.0,-2762.0,Cherry Canyon,0.18,442,0.02,0.1,0.35,0.17,55.0,194.0,0.12,0.28,11.11,0.42,unknown,USGS (TOC/RockEval); Unspecified (Ro),cuttings
3559,"LIMS, OFR2005-1171",42495102480,N,31.83,-103.18,WINKLER,6530.0,6530.0,-3672.0,-3672.0,Bone Spring,,,,,,,,,,,,0.59,unknown,Unspecified,cuttings
3560,LIMS,42495102480,N,31.83,-103.18,WINKLER,7020.0,7020.0,-4162.0,-4162.0,1st Bone Spring,5.43,452,2.04,9.88,3.23,0.17,181.0,59.0,11.92,3.05,37.57,,,USGS,cuttings
3561,"LIMS, OFR2005-1171",42495102480,N,31.83,-103.18,WINKLER,7645.0,7645.0,-4787.0,-4787.0,2nd Bone Spring,,,,,,,,,,,,0.86,unknown,Unspecified,cuttings
3562,LIMS,42495102480,N,31.83,-103.18,WINKLER,8420.0,8420.0,-5562.0,-5562.0,3rd Bone Spring,1.22,443,0.38,4.53,2.28,0.08,371.0,186.0,4.91,1.98,31.15,,,USGS,cuttings
3563,"LIMS, OFR2005-1171",42495102480,N,31.83,-103.18,WINKLER,9240.0,9240.0,-6382.0,-6382.0,3rd Bone Spring,,,,,,,,,,,,0.85,unknown,Unspecified,cuttings
3564,LIMS,42495102480,N,31.83,-103.18,WINKLER,10020.0,10020.0,-7162.0,-7162.0,Atoka,0.3,442,0.13,0.39,0.51,0.25,130.0,170.0,0.52,0.76,43.33,,,USGS,cuttings
3565,"LIMS, OFR2005-1171",42495102480,N,31.83,-103.18,WINKLER,10540.0,10540.0,-7682.0,-7682.0,Barnett,,,,,,,,,,,,1.15,unknown,Unspecified,cuttings
3566,"LIMS, OFR2005-1171",42495102480,N,31.83,-103.18,WINKLER,11030.0,11030.0,-8172.0,-8172.0,Mississippian,,,,,,,,,,,,0.66,unknown,Unspecified,cuttings
3567,LIMS,42495102480,N,31.83,-103.18,WINKLER,11520.0,11520.0,-8662.0,-8662.0,Woodford,0.82,464,0.36,0.55,0.51,0.4,67.0,62.0,0.91,1.07,43.9,,,USGS,cuttings
3568,"LIMS, OFR2005-1171",42495102480,N,31.83,-103.18,WINKLER,12630.0,12630.0,-9772.0,-9772.0,Montoya,,,,,,,,,,,,1.35,unknown,Unspecified,cuttings
3569,"LIMS, OFR2005-1171",42495102480,N,31.83,-103.18,WINKLER,12945.0,12945.0,-10087.0,-10087.0,Simpson,,,,,,,,,,,,1.04,unknown,Unspecified,cuttings
3570,LIMS,42495102480,N,31.83,-103.18,WINKLER,13120.0,13120.0,-10262.0,-10262.0,Simpson,0.28,440,0.06,0.28,0.33,0.18,100.0,117.0,0.34,0.84,21.43,,,USGS,cuttings
3571,"LIMS, OFR2005-1171",42495102480,N,31.83,-103.18,WINKLER,13430.0,13430.0,-10572.0,-10572.0,Simpson,,,,,,,,,,,,1.29,unknown,Unspecified,cuttings
3572,LIMS,42495102480,N,31.83,-103.18,WINKLER,14305.0,14305.0,-11447.0,-11447.0,Ellenburger,0.16,437,0.04,0.15,0.24,0.22,93.0,150.0,0.19,0.62,25.0,,,USGS,cuttings
4007,Dong_2020,42495332880,N,31.89,-102.97,WINKLER,8254.0,8254.0,-5276.0,-5276.0,Woodford,7.39,432,,,,,642.0,14.0,,,,,,Weatherford Laboratories; Baseline Resolution Inc,core
4008,Dong_2020,42495332880,N,31.89,-102.97,WINKLER,8284.0,8284.0,-5306.0,-5306.0,Woodford,4.58,435,,,,,581.0,23.0,,,,,,Weatherford Laboratories; Baseline Resolution Inc,core
4009,Dong_2020,42495332880,N,31.89,-102.97,WINKLER,8314.0,8314.0,-5336.0,-5336.0,Woodford,8.42,435,,,,,652.0,28.0,,,,,,Weatherford Laboratories; Baseline Resolution Inc,core
4010,Dong_2020,42495332880,N,31.89,-102.97,WINKLER,8334.0,8334.0,-5356.0,-5356.0,Woodford,14.07,432,,,,,528.0,5.0,,,,,,Weatherford Laboratories; Baseline Resolution Inc,core
4011,Dong_2020,42495332880,N,31.89,-102.97,WINKLER,8358.0,8358.0,-5380.0,-5380.0,Woodford,8.91,437,,,,,645.0,12.0,,,,,,Weatherford Laboratories; Baseline Resolution Inc,core
4012,Dong_2020,42495332880,N,31.89,-102.97,WINKLER,8366.0,8366.0,-5388.0,-5388.0,Woodford,6.13,433,,,,,522.0,16.0,,,,,,Weatherford Laboratories; Baseline Resolution Inc,core
4013,Dong_2020,42495332880,N,31.89,-102.97,WINKLER,8379.0,8379.0,-5401.0,-5401.0,Woodford,9.43,434,,,,,622.0,11.0,,,,,,Weatherford Laboratories; Baseline Resolution Inc,core
4014,Dong_2020,42495332880,N,31.89,-102.97,WINKLER,8405.0,8405.0,-5427.0,-5427.0,Woodford,8.03,438,,,,,499.0,44.0,,,,,,Weatherford Laboratories; Baseline Resolution Inc,core
4015,Dong_2020,42495332880,N,31.89,-102.97,WINKLER,8442.0,8442.0,-5464.0,-5464.0,Woodford,4.67,436,,,,,477.0,34.0,,,,,,Weatherford Laboratories; Baseline Resolution Inc,core
4016,Dong_2020,42495332880,N,31.89,-102.97,WINKLER,8461.0,8461.0,-5483.0,-5483.0,Woodford,6.74,438,,,,,535.0,66.0,,,,,,Weatherford Laboratories; Baseline Resolution Inc,core
4017,Dong_2020,42495332880,N,31.89,-102.97,WINKLER,8472.0,8472.0,-5494.0,-5494.0,Woodford,6.77,434,,,,,572.0,37.0,,,,,,Weatherford Laboratories; Baseline Resolution Inc,core
4018,Dong_2020,42495332880,N,31.89,-102.97,WINKLER,8498.0,8498.0,-5520.0,-5520.0,Woodford,6.6,441,,,,,603.0,35.0,,,,,,Weatherford Laboratories; Baseline Resolution Inc,core
4019,Dong_2020,42495332880,N,31.89,-102.97,WINKLER,8523.0,8523.0,-5545.0,-5545.0,Woodford,2.84,442,,,,,430.0,92.0,,,,,,Weatherford Laboratories; Baseline Resolution Inc,core
4020,Dong_2020,42495332880,N,31.89,-102.97,WINKLER,8549.0,8549.0,-5571.0,-5571.0,Woodford,5.79,437,,,,,561.0,58.0,,,,,,Weatherford Laboratories; Baseline Resolution Inc,core
4021,Dong_2020,42495332880,N,31.89,-102.97,WINKLER,8554.0,8554.0,-5576.0,-5576.0,Woodford,13.46,439,,,,,665.0,23.0,,,,,,Weatherford Laboratories; Baseline Resolution Inc,core
4064,Osterlund_2012,42003421690,Y,32.14,-102.27,ANDREWS,11477.0,11477.0,-8468.0,-8468.0,Mississippian,0.26,n.d.,0.04,0.01,0.11,0.8,4.0,42.0,0.05,0.09,15.38,,,GeoSystems LLP (TOC); GeoMark Research LLC (RockEval),core
4065,Osterlund_2012,42003421690,Y,32.14,-102.27,ANDREWS,11625.0,11625.0,-8616.0,-8616.0,Barnett,0.26,n.d.,0.29,0.08,0.14,0.78,31.0,54.0,0.37,0.57,111.54,,,GeoSystems LLP (TOC); GeoMark Research LLC (RockEval),core
4066,Osterlund_2012,42003421690,Y,32.14,-102.27,ANDREWS,11662.0,11662.0,-8653.0,-8653.0,Barnett,0.38,n.d.,0.58,0.32,0.16,0.64,84.0,42.0,0.9,2,152.63,,,GeoSystems LLP (TOC); GeoMark Research LLC (RockEval),core
4067,Osterlund_2012,42003421690,Y,32.14,-102.27,ANDREWS,11665.0,11665.0,-8656.0,-8656.0,Barnett,0.45,365,0.86,0.42,0.21,0.67,93.0,47.0,1.28,2,191.11,,,GeoSystems LLP (TOC); GeoMark Research LLC (RockEval),core
4068,Osterlund_2012,42003421690,Y,32.14,-102.27,ANDREWS,11669.0,11669.0,-8660.0,-8660.0,Barnett,0.31,n.d.,0.15,0.13,0.05,0.54,42.0,16.0,0.28,2.6,48.39,,,GeoSystems LLP (TOC); GeoMark Research LLC (RockEval),core
4069,Osterlund_2012,42003421690,Y,32.14,-102.27,ANDREWS,11677.0,11677.0,-8668.0,-8668.0,Barnett,1.12,463,0.38,0.67,0.13,0.36,60.0,12.0,1.05,5.15,33.93,,,GeoSystems LLP (TOC); GeoMark Research LLC (RockEval),core
4070,Osterlund_2012,42003421690,Y,32.14,-102.27,ANDREWS,11683.0,11683.0,-8674.0,-8674.0,Barnett,0.82,464,0.29,0.43,0.08,0.4,52.0,10.0,0.72,5.38,35.37,,,GeoSystems LLP (TOC); GeoMark Research LLC (RockEval),core
4071,Osterlund_2012,42003421690,Y,32.14,-102.27,ANDREWS,11724.0,11724.0,-8715.0,-8715.0,Barnett,4.65,461,3.56,5.57,0.37,0.39,120.0,8.0,9.13,15.05,76.56,,,GeoSystems LLP (TOC); GeoMark Research LLC (RockEval),core
4072,Osterlund_2012,42003421690,Y,32.14,-102.27,ANDREWS,11946.0,11946.0,-8937.0,-8937.0,Barnett,5.31,458,4.88,5.45,0.27,0.47,103.0,5.0,10.33,20.19,91.9,,,GeoSystems LLP (TOC); GeoMark Research LLC (RockEval),core
4073,Olive_2021,42135436390,Y,32.07,-102.32,ECTOR,11833.0,11833.0,-8889.0,-8889.0,Barnett,4.41,464,2.51,4.64,0.51,0.35,105.0,12.0,7.15,9.1,57.0,,,SCAL Inc.,core
4074,Olive_2021,42135436390,Y,32.07,-102.32,ECTOR,11834.0,11834.0,-8890.0,-8890.0,Barnett,7.17,467,3.98,7.33,0.37,0.35,102.0,5.0,11.31,19.81,56.0,,,SCAL Inc.,core
4075,Olive_2021,42135436390,Y,32.07,-102.32,ECTOR,11835.0,11835.0,-8891.0,-8891.0,Barnett,7.57,463,4.14,9.44,0.45,0.3,125.0,6.0,13.58,20.98,55.0,,,SCAL Inc.,core
4076,Olive_2021,42135436390,Y,32.07,-102.32,ECTOR,11886.0,11886.0,-8942.0,-8942.0,Barnett,7.39,466,3.94,8.31,0.32,0.32,112.0,4.0,12.25,25.97,53.0,,,SCAL Inc.,core
4077,Olive_2021,42135436390,Y,32.07,-102.32,ECTOR,11887.0,11887.0,-8943.0,-8943.0,Barnett,7.62,469,3.65,8.52,0.31,0.3,112.0,4.0,12.17,27.48,48.0,,,SCAL Inc.,core
4078,Olive_2021,42135436390,Y,32.07,-102.32,ECTOR,11888.0,11888.0,-8944.0,-8944.0,Barnett,6.65,470,3.12,7.28,0.28,0.3,109.0,4.0,10.4,26,47.0,,,SCAL Inc.,core
4079,Olive_2021,42135436390,Y,32.07,-102.32,ECTOR,11916.0,11916.0,-8972.0,-8972.0,Barnett,4.28,470,2.16,4.02,0.37,0.35,94.0,9.0,6.18,10.86,50.0,,,SCAL Inc.,core
4080,Olive_2021,42135436390,Y,32.07,-102.32,ECTOR,11917.0,11917.0,-8973.0,-8973.0,Barnett,5.68,467,3.08,5.99,0.37,0.34,105.0,7.0,9.07,16.19,54.0,,,SCAL Inc.,core
4081,Olive_2021,42135436390,Y,32.07,-102.32,ECTOR,11918.0,11918.0,-8974.0,-8974.0,Barnett,5.28,463,3.12,5.56,0.46,0.36,105.0,9.0,8.68,12.09,59.0,,,SCAL Inc.,core
4082,Olive_2021,42135436390,Y,32.07,-102.32,ECTOR,11930.0,11930.0,-8986.0,-8986.0,Barnett,2.38,459,1.35,2.09,0.34,0.39,88.0,14.0,3.44,6.15,57.0,,,SCAL Inc.,core
4083,Olive_2021,42135436390,Y,32.07,-102.32,ECTOR,11931.0,11931.0,-8987.0,-8987.0,Barnett,3.23,454,1.88,2.98,0.48,0.39,92.0,15.0,4.86,6.21,58.0,,,SCAL Inc.,core
4084,Olive_2021,42135436390,Y,32.07,-102.32,ECTOR,11932.0,11932.0,-8988.0,-8988.0,Barnett,2.05,461,1.23,1.97,0.38,0.38,96.0,19.0,3.2,5.18,60.0,,,SCAL Inc.,core
4085,Olive_2021,42135436390,Y,32.07,-102.32,ECTOR,11939.0,11939.0,-8995.0,-8995.0,Barnett,5.16,469,2.53,5.54,0.32,0.31,107.0,6.0,8.07,17.31,49.0,,,SCAL Inc.,core
4086,Olive_2021,42135436390,Y,32.07,-102.32,ECTOR,11940.0,11940.0,-8996.0,-8996.0,Barnett,5.38,471,2.74,6.21,0.49,0.31,115.0,9.0,8.95,12.67,51.0,,,SCAL Inc.,core
4087,Olive_2021,42135436390,Y,32.07,-102.32,ECTOR,11941.0,11941.0,-8997.0,-8997.0,Barnett,2.78,468,1.79,3,0.35,0.37,108.0,13.0,4.79,8.57,64.0,,,SCAL Inc.,core
4088,Olive_2021,42135436390,Y,32.07,-102.32,ECTOR,11953.0,11953.0,-9009.0,-9009.0,Barnett,5.46,469,2.59,5.74,0.41,0.31,105.0,8.0,8.33,14,47.0,,,SCAL Inc.,core
4089,Olive_2021,42135436390,Y,32.07,-102.32,ECTOR,11954.0,11954.0,-9010.0,-9010.0,Barnett,5.33,465,2.68,5.89,0.49,0.31,111.0,9.0,8.57,12.02,50.0,,,SCAL Inc.,core
4090,Olive_2021,42135436390,Y,32.07,-102.32,ECTOR,11955.0,11955.0,-9011.0,-9011.0,Barnett,3.82,463,2.05,3.64,0.48,0.36,95.0,13.0,5.69,7.58,54.0,,,SCAL Inc.,core
4091,Olive_2021,42135436390,Y,32.07,-102.32,ECTOR,11967.0,11967.0,-9023.0,-9023.0,Barnett,2.45,464,1.56,2.41,0.51,0.39,98.0,21.0,3.97,4.73,64.0,,,SCAL Inc.,core
4092,Olive_2021,42135436390,Y,32.07,-102.32,ECTOR,11969.0,11969.0,-9025.0,-9025.0,Barnett,3.71,462,2.21,3.96,0.54,0.36,107.0,15.0,6.17,7.33,60.0,,,SCAL Inc.,core
4093,Olive_2021,42135436390,Y,32.07,-102.32,ECTOR,11969.0,11969.0,-9025.0,-9025.0,Barnett,1.43,456,1.33,1.42,0.56,0.48,99.0,39.0,2.75,2.54,93.0,,,SCAL Inc.,core
4094,Olive_2021,42135436390,Y,32.07,-102.32,ECTOR,11995.0,11995.0,-9051.0,-9051.0,Barnett,1.81,458,1.29,1.74,0.54,0.43,96.0,30.0,3.03,3.22,71.0,,,SCAL Inc.,core
4095,Olive_2021,42135436390,Y,32.07,-102.32,ECTOR,11996.0,11996.0,-9052.0,-9052.0,Barnett,2.7,462,1.55,2.77,0.42,0.36,103.0,16.0,4.32,6.6,57.0,,,SCAL Inc.,core
4096,Olive_2021,42135436390,Y,32.07,-102.32,ECTOR,11997.0,11997.0,-9053.0,-9053.0,Barnett,0.85,453,0.65,0.74,0.35,0.47,87.0,41.0,1.39,2.11,78.0,,,SCAL Inc.,core
4097,Olive_2021,42135436390,Y,32.07,-102.32,ECTOR,12007.0,12007.0,-9063.0,-9063.0,Barnett,0.45,451,0.2,0.22,0.47,0.48,49.0,104.0,0.42,0.47,44.0,,,SCAL Inc.,core
4098,Olive_2021,42135436390,Y,32.07,-102.32,ECTOR,12008.0,12008.0,-9064.0,-9064.0,Barnett,2.03,459,1.19,2.03,0.34,0.37,100.0,17.0,3.22,5.97,59.0,,,SCAL Inc.,core
4099,Olive_2021,42135436390,Y,32.07,-102.32,ECTOR,12009.0,12009.0,-9065.0,-9065.0,Barnett,1.5,454,0.34,0.74,0.49,0.31,49.0,33.0,1.08,1.51,23.0,,,SCAL Inc.,core
4100,Olive_2021,42329383490,Y,32.03,-102.26,MIDLAND,11831.0,11831.0,-8916.0,-8916.0,Barnett,8.17,463,4.4,9.66,0.49,0.31,118.0,6.0,14.06,19.71,54.0,1.07,unknown,Core Laboratories,
4101,Olive_2021,42329383490,Y,32.03,-102.26,MIDLAND,11845.0,11845.0,-8930.0,-8930.0,Barnett,6.42,460,3.75,7.06,0.41,0.35,110.0,6.0,10.81,17.22,58.0,,,Core Laboratories,
4102,Olive_2021,42329383490,Y,32.03,-102.26,MIDLAND,11873.0,11873.0,-8958.0,-8958.0,Barnett,5.22,462,4.35,6.6,0.76,0.4,126.0,15.0,10.95,8.68,83.0,,,Core Laboratories,
4103,Olive_2021,42329383490,Y,32.03,-102.26,MIDLAND,11883.0,11883.0,-8968.0,-8968.0,Barnett,6.36,462,4.01,7.14,0.65,0.36,112.0,10.0,11.15,10.98,63.0,,,Core Laboratories,
4104,Olive_2021,42329383490,Y,32.03,-102.26,MIDLAND,11896.0,11896.0,-8981.0,-8981.0,Barnett,3.48,463,2.41,3.16,0.57,0.43,91.0,16.0,5.57,5.54,69.0,,,Core Laboratories,
4105,Olive_2021,42329383490,Y,32.03,-102.26,MIDLAND,11901.0,11901.0,-8986.0,-8986.0,Barnett,4.67,460,2.82,5.37,0.59,0.34,115.0,13.0,8.19,9.1,60.0,,,Core Laboratories,
4106,Olive_2021,42329383490,Y,32.03,-102.26,MIDLAND,11906.0,11906.0,-8991.0,-8991.0,Barnett,3.64,463,2.65,4.01,0.68,0.4,110.0,19.0,6.66,5.9,73.0,,,Core Laboratories,
4107,Olive_2021,42329383490,Y,32.03,-102.26,MIDLAND,11918.0,11918.0,-9003.0,-9003.0,Barnett,2.07,460,1.72,2.3,0.64,0.43,111.0,31.0,4.02,3.59,83.0,,,Core Laboratories,
4108,Olive_2021,42329383490,Y,32.03,-102.26,MIDLAND,11928.0,11928.0,-9013.0,-9013.0,Barnett,3.16,464,2.26,3.83,0.62,0.37,121.0,20.0,6.09,6.18,72.0,,,Core Laboratories,
4109,Olive_2021,42329383490,Y,32.03,-102.26,MIDLAND,11944.0,11944.0,-9029.0,-9029.0,Barnett,3.34,464,1.97,3.3,0.38,0.37,99.0,11.0,5.27,8.68,59.0,,,Core Laboratories,
4110,Olive_2021,42329383490,Y,32.03,-102.26,MIDLAND,11948.0,11948.0,-9033.0,-9033.0,Barnett,4.35,462,2.93,4.85,0.69,0.38,111.0,16.0,7.78,7.03,67.0,,,Core Laboratories,
4111,Olive_2021,42329383490,Y,32.03,-102.26,MIDLAND,11961.0,11961.0,-9046.0,-9046.0,Barnett,2.25,463,1.58,2.57,0.66,0.38,114.0,29.0,4.15,3.89,70.0,,,Core Laboratories,
4112,Olive_2021,42329383490,Y,32.03,-102.26,MIDLAND,11968.0,11968.0,-9053.0,-9053.0,Barnett,2.38,463,1.86,2.55,0.65,0.42,107.0,27.0,4.41,3.92,78.0,,,Core Laboratories,
4113,Olive_2021,42329383490,Y,32.03,-102.26,MIDLAND,11977.0,11977.0,-9062.0,-9062.0,Barnett,1.44,456,1.0,1.28,0.63,0.44,89.0,44.0,2.28,2.03,69.0,,,Core Laboratories,
4114,Olive_2021,42329383490,Y,32.03,-102.26,MIDLAND,11981.0,11981.0,-9066.0,-9066.0,Barnett,2.98,463,2.07,3.49,0.66,0.37,117.0,22.0,5.56,5.29,69.0,,,Core Laboratories,
4115,Olive_2021,42329383490,Y,32.03,-102.26,MIDLAND,11989.0,11989.0,-9074.0,-9074.0,Barnett,4.49,459,2.68,5.15,0.71,0.34,115.0,16.0,7.83,7.25,60.0,,,Core Laboratories,
4251,Rogers_2017,42329364360,Y,31.99,-102.24,MIDLAND,8987.0,8987.0,-6064.0,-6064.0,Spraberry,3.23,437,2.04,10.57,,0.16,239.0,,12.61,,63.16,0.71,unknown,"SIRT Laboratory at UT Arlington (TOC); China University of Geosciences (RockEval, Ro)",core
4252,Rogers_2017,42329364360,Y,31.99,-102.24,MIDLAND,8995.0,8995.0,-6072.0,-6072.0,Spraberry,0.81,441,0.53,1.41,,0.27,144.0,,1.94,,65.43,0.78,unknown,"SIRT Laboratory at UT Arlington (TOC); China University of Geosciences (RockEval, Ro)",core
4253,Rogers_2017,42329364360,Y,31.99,-102.24,MIDLAND,9009.0,9009.0,-6086.0,-6086.0,Spraberry,0.34,438,0.21,0.27,,0.44,100.0,,0.48,,61.76,0.72,unknown,"SIRT Laboratory at UT Arlington (TOC); China University of Geosciences (RockEval, Ro)",core
4254,Rogers_2017,42329364360,Y,31.99,-102.24,MIDLAND,9209.0,9209.0,-6286.0,-6286.0,Spraberry,2.3,436,0.04,0.03,,0.57,14.0,,0.07,,1.74,0.69,unknown,"SIRT Laboratory at UT Arlington (TOC); China University of Geosciences (RockEval, Ro)",core
